Dr. V. Balusamy,Professor & Principal,../pages/principal_profile.php
Dr. P. Selvakumar,Associate Professor& Head,https://sites.google.com/a/kongu.edu/selvakumar-mech/
Dr. R. Rajasekar,Professor,https://sites.google.com/a/kongu.edu/rajasekar-r/
Dr. T. P. Sathishkumar,Associate Professor,https://sites.google.com/a/kongu.edu/sathishkumar-t-p/
Dr. A. Mohankumar,Associate Professor,https://sites.google.com/a/kongu.edu/a-mohankumar/
Dr. R. Naveen Kumar,Associate Professor,https://sites.google.com/a/kongu.edu/r-naveen-kumar-mech/
Dr. R. Gukendran,Assistant Professor (Sr.G),https://sites.google.com/a/kongu.edu/gukendran-r/
Dr. M. Sambathkumar,Assistant Professor (Sr.G),https://sites.google.com/a/kongu.edu/sambathkumar-mech/
K. V. Satheeshkumar,Assistant Professor (Sr.G),https://sites.google.com/a/kongu.edu/satheesh-kumar-k-v/
Dr.B. S.Hari,Assistant Professor (Sr.G),https://sites.google.com/a/kongu.edu/hari-bs/
Dr. A. Tamilvanan,Assistant Professor (Sr.G),https://sites.google.com/a/kongu.edu/tamilvanan-mechanical/
M. Dharmaraj,Assistant Professor (Sr.G),https://sites.google.com/a/kongu.edu/dharmaraj-m/
A. Saravanan,Assistant Professor (Sr.G),https://sites.google.com/a/kongu.edu/saravanan-a-mechanical/
Dr. M. Bhuvaneshkumar,Assistant Professor,https://sites.google.com/a/kongu.edu/bhuvaneshkumar-mech/
R. Karthikeyan,Assistant Professor,https://sites.google.com/a/kongu.edu/karthikeyan-r/
R. Kamalakannan,Assistant Professor,https://sites.google.com/a/kongu.edu/kamalakannan-mech/
Dr.M. Mahesh,Assistant Professor,https://sites.google.com/a/kongu.edu/mahesh-mech/
A. Ganesh,Assistant Professor,https://sites.google.com/a/kongu.edu/ganesh-a/
